2202.10.00,191,AGUA 510ML ,"0,0000"
2008.11.00,682,AMENDOIM,"0,5999"
2008.11.00,468,AMENDOIM 2 P/ 12,"0,0000"
2008.11.00,836,AMENDOIM DOCE CHOCOLATE DOCES CARIJÓ 400G,"0,0000"
2008.11.00,835,AMENDOIM JAPONÊS DORI 350G,"0,0000"
2008.11.00,795,AMENDOIM PETTIZ CEBOLA E SALSA DORI 350G,"0,0000"
2008.11.00,794,AMENDOIM PETTIZ GERGELIM E LINHAÇA DORI 320G,"0,0000"
2008.11.00,834,AMENDOIM PETTIZ PIMENTA VERMELHA DORI 350G,"0,0000"
1704.90.20,868,ARCOR 7 BELO IOGURTE 100G,"0,0000"
1806.31.10,864,ARCOR BALA BUTTER TOFFEES CHOCOLATE AMARGO 100G,"0,0000"
1806.31.10,863,ARCOR BALA BUTTER TOFFEES TRUFA 100G,"0,0000"
1806.31.10,1135,ARCOR BOMBOM BRIGADEIRO 15G BONOBON,"0,0000"
1806.31.10,866,ARCOR BUTTER TOFFEES CHOCOLATE 100G,"0,0000"
1806.31.10,865,ARCOR BUTTER TOFFEES CREME DE AVELÃ 100G,"0,0000"
1806.31.10,867,ARCOR BUTTER TOFFEES MENTA 100G,"0,0000"
1704.10.00,992,ARCOR CHICLETE PLUTONITA BABA DE BRUXA 180G,"0,0000"
1704.10.00,838,ARCOR CHICLETE PLUTONITA ZUMBI GELADO 180G ,"0,0000"
1704.10.00,996,ARCOR PLUTONITA CABEÇA DE ABOBORA 180G ,"0,0000"
1806.31.10,750,"ARCOR TORTUGUITA CAIXA 134,5G ","0,0000"
1806.31.10,886,ARCOR TORTUGUITA CONFEITOS 40G,"0,0000"
1905.90.90,928,BACON CRANT SALGADINHO DE TRIGO BACON 180G,"0,0000"
1806.31.10,824,BALA 2 POR 12,"0,0000"
1704.90.20,752,BALA CANELA INDIA 700G,"0,0000"
1905.90.20,986,BAMBOLÊ RECHEADO DOCES PRINCESA 300G ,"0,0000"
1806.31.10,825,BARRA CHOCOLATE,"0,0000"
1905.90.90,942,BATATA CHIPS LISA CLÁSSICA WANFLO 40G ,"0,0000"
1905.90.90,948,BATATA CHIPS LISA PICANHA NA BRASA WANFLO 40G,"0,0000"
1905.90.90,949,BATATA MEGA ONDA CHEDDAR C/ BACON WANFLO 40G,"0,0000"
1905.90.90,943,BATATA ONDULADA CEBOLA E SALSA WANFLO 40G ,"0,0000"
1905.90.90,952,BATATA WAFFLE COSTELINHA C/ LIMÃO WANFLO 40G,"0,0000"
1806.31.10,884,BOLINHO LUKINHAS BAUNILHA 35G ,"0,0000"
1806.31.10,875,BOLINHOS LUKINHA CHOCOLATE 35G ,"0,0000"
9602.00.90,804,BOMBA P/ CUIA,"0,0000"
1806.31.10,562,BOMBOM MORANGO E CREME BONOBON ,"0,0000"
1806.31.10,1139,CAIXA BOMBOM ARCOR,"0,0000"
1704.90.90,771,CAIXA DOCES CARIJÓ 235G,"0,0000"
1905.90.20,987,CASADO C/ GOIABADA DOCES PRINCESA 300G,"0,0000"
1904.10.00,685,CEREAIS,"0,0000"
1806.90.00,1205,CESTA PRONTA PASCOA ,"0,0000"
1905.90.90,405,CHEETOS LUA ELMACHIPS 40G,"0,0000"
1905.90.90,408,CHEETOS MIX ELMACHIPS 41G,"0,0000"
1905.90.90,953,CHEETOS ONDA REQUEIJÃO ELMACHIPS 45G,"0,0000"
1905.90.20,990,CHOCOMOLE BRANCO DOCES PRINCESA 110G,"0,0000"
1704.90.90,789,CHOCOMOLE DOCES PRINCESA 110G,"0,0000"
2202.10.00,192,COCA COLA 350ML,"0,0000"
2202.10.00,196,COCA COLA 600ML,"0,0000"
1806.31.10,849,DISQUETI CHOCOLATE BRANCO DORI 100G ,"0,0000"
2007.99.29,776,DOCE DE ABÓBORA DOCES PRINCESA 150G,"0,0000"
2007.99.90,695,DOCE GULOSINA BARRA,"0,0000"
2007.99.90,687,DOCE GULOSINA POTE,"0,0000"
1905.90.90,924,DORITOS QUEIJO NACHO 140G ,"0,0000"
2202.10.00,203,ENERGETICO ,"0,0000"
2403.11.00,219,ESSENCIA VAPE,"0,0000"
2202.10.00,199,FANTA LARANJA 600ML ,"0,0000"
1905.90.20,989,FLORZINHA DOCES PRINCESA 300G ,"0,0000"
1905.90.90,936,FREETAZ COSTELA NA BRASA 100G ,"0,0000"
1905.90.90,938,FREETAZ ORIGINAL C/ SAL 100G ,"0,0000"
2009.39.00,456,GELADINHO AMERICANO PACOTE 40UN,"0,0000"
1704.90.20,920,GELATINA AMORA DORI 60G ,"0,0000"
1704.90.20,921,GELATINA BANANA DORI 60G,"0,0000"
1704.90.20,911,GELATINA BOCA DORI 60G,"0,0000"
1704.90.20,914,GELATINA MINHOCA DORI 60G ,"0,0000"
1704.90.20,922,GELATINA MINHOCA SOUR DORI 60G,"0,0000"
1704.90.20,918,GELATINA URSO DORI 60G,"0,0000"
2202.10.00,193,GUARANA 350ML,"0,0000"
2202.10.00,202,GUARANA 600ML,"0,0000"
1704.90.90,827,GULOSEIMAS,"0,0000"
1704.90.20,826,GULOSEIMAS  3POR12,"27,397"
1704.90.20,1284,GULOSEIMAS 2 POR 12,"0,0000"
1704.90.20,236,"GULOSEIMAS 2,00","0,0000"
1704.90.20,504,GULOSEIMAS 4 POR 12,"17,596"
1905.32.00,1320,GULOSEIMAS 5 POR 12,"0,0000"
1704.90.90,788,GULOSEIMAS 6 POR 12 ,"0,0000"
1704.10.00,845,HAPPY BOL CHICLETE HORTELÃ GELO 140G ,"0,0000"
1704.10.00,841,HAPPY BOL CHICLETE MELANCIA 140G ,"0,0000"
1704.10.00,839,HAPPY BOL CHICLETE MORANGO ÁCIDO 140G,"0,0000"
1704.10.00,843,HAPPY BOL CHICLETE TUTTI FRUTTI 140G,"0,0000"
1704.10.00,848,HAPPY BOL TUTTI FRUTTI SUSTO 140G ,"0,0000"
1806.31.10,858,LACTA BIS BRANCO 126G ,"0,0000"
1806.31.10,859,LACTA BIS ORIGINAL 126G ,"0,0000"
1704.90.90,793,MARIA MOLE DOCES PRINCESA 140G,"0,0000"
1806.31.10,889,NESTLÉ ALPINO 25G,"0,0000"
1806.31.10,563,NESTLÉ BARRA ALPINO 85G,"0,0000"
1806.31.10,861,NESTLÉ BARRA CLASSIC 80G ,"0,0000"
1806.31.10,862,NESTLÉ BARRA CRUNCH 80G ,"0,0000"
1806.31.10,860,NESTLÉ BARRA GALAK CHOCOLATE BRANCO 80G ,"0,0000"
1806.31.10,891,NESTLÉ CLASSIC 25G,"0,0000"
1806.31.10,890,NESTLÉ CRUNCH 25G,"0,0000"
1806.31.10,896,NESTLÉ GALAK 25G,"0,0000"
1806.31.10,856,NUCITA CHOCOLATE 200G ,"0,0000"
1905.90.90,925,ONION CEBOLA 200G ,"0,0000"
1704.90.90,764,PAÇOCA ROLHA DOCES CARIJÓ 450G,"0,0000"
1905.90.20,985,PALITO DE CHOCOLATE DOCES PRINCESA 300G,"0,0000"
1704.90.90,768,PÉ DE MOLEQUE DOCES CARIJÓ 200G,"0,0000"
1704.90.90,765,PÉ DE MOLEQUE DOCES CARIJÓ 415G,"0,0000"
1905.90.90,983,PIPOTECA CEBOLA 110G ,"0,0000"
1905.90.90,528,PIPOTECA MILHO VERDE 120G,"0,0000"
1905.90.90,982,PIPOTECA ORIGINAL 110G,"0,0000"
1905.90.90,531,PIPOTECA PIZZA 110G ,"0,0000"
1704.90.20,1140,PIRULITO PACOTE,"0,0000"
1905.90.90,941,POLVILHO CEBOLA TEMABI COLONIAL 80G ,"0,0000"
1905.90.90,940,POLVILHO QUEIJO TEMABI COLONIAL 80G ,"0,0000"
3924.10.00,536,PROMOPACK JAPONES ELMACHIPS 145G ,"0,0000"
1905.90.20,991,ROMEU E JULIETA DOCES PRINCESA 250G,"0,0000"
2007.99.90,1325,SALGADINHO,"0,0000"
2007.99.90,699,SALGADINHO 1X12,"0,0000"
2007.99.90,704,SALGADINHO 2X12,"0,0000"
1905.90.90,1207,SALGADINHO 3X12,"0,0000"
2007.99.90,710,SALGADINHO 4X12,"0,0000"
2007.99.90,723,SALGADINHO 5 POR 12,"0,0000"
2007.99.90,712,SALGADINHO 6X12,"0,0000"
1905.90.90,980,SALGADINHO BACON TORCIDA 38G,"0,0000"
1905.90.90,960,SALGADINHO BATATA CEBOLA E SALSA FREETAZ WAY 45G ,"0,0000"
1905.90.90,1007,SALGADINHO BATATA CHIPS FRANGO GRELHADO WANFLO 40G,"0,0000"
1905.90.90,1008,SALGADINHO BATATA CHIPS KETCHUP WANFLO 40G,"0,0000"
1905.90.90,961,SALGADINHO BATATA CHURRASCO FREETAZ WAY 45G ,"0,0000"
1905.90.90,1020,SALGADINHO BATATA ONDULADA  CHURRASCO WANFLO 40G,"0,0000"
1905.90.90,1005,SALGADINHO BATATA ONDULADA ORIGINAL WANFLO 40G,"0,0000"
1905.90.90,968,SALGADINHO BATATA ORIGINAL C/ SAL FREETAZ WAY 45G,"0,0000"
1905.90.90,1102,SALGADINHO BATATA WAFFLE ORIGINAL WANFLO 40G,"0,0000"
1905.90.90,27,SALGADINHO CALABRESA TORCIDA 38G ,"39,827"
1905.90.90,207,SALGADINHO CAMARÃO C/ PIMENTA TORCIDA 38G,"0,0000"
1905.90.90,959,SALGADINHO CEBOLA KRÓ 100G,"0,0000"
1905.90.90,978,SALGADINHO CEBOLA TORCIDA 38G ,"0,0000"
1905.90.90,984,SALGADINHO CHURRASCO KRÓ 100G ,"0,0000"
1905.90.90,971,SALGADINHO CHURRASCO TORCIDA 38G ,"0,0000"
1905.90.90,981,SALGADINHO COSTELINHA C/ LIMÃO TORCIDA 38G,"0,0000"
1905.90.90,933,SALGADINHO DE MILHO BACON MAIS KRÓ 200G,"0,0000"
1905.90.90,976,SALGADINHO PÃO DE ALHO TORCIDA 38G,"0,0000"
1905.90.90,970,SALGADINHO PIMENTA MEXINA TORCIDA 38G ,"0,0000"
1905.90.90,958,SALGADINHO PRESUNTO KRÓ 100G,"0,0000"
1905.90.90,955,SALGADINHO QUEIJO KRÓ 100G,"0,0000"
1905.90.90,977,SALGADINHO QUEIJO TORCIDA 38G ,"0,0000"
1905.90.90,956,SALGADINHO REQUEIJÃO KRÓ 100G ,"0,0000"
1905.90.90,972,SALGADINHO VINAGRETE TORCIDA 38G ,"0,0000"
2007.99.90,778,SORVETE SECO DOCES PRINCESA 120G,"0,0000"
2202.10.00,194,SPRITE 350ML ,"0,0000"
2202.10.00,200,SPRITE 600ML,"0,0000"
1904.10.00,546,SUCRILHOS CHOCO BOLL ALFAFOODS 60G,"0,0000"
1904.10.00,537,SUCRILHOS CHOCO CORN ALCAFOODS 60GW,"0,0000"
1904.10.00,552,SUCRILHOS CORN SUGAR ALFAFOODS 60G,"0,0000"
1904.10.00,549,SUCRILHOS FRUIT RINGS ALFAFOODS 60G,"0,0000"
1704.90.90,790,SUSPIRO DOCES PRINCESA 125G ,"0,0000"
1806.90.00,1011,TODDYNHO ,"0,0000"
2202.10.00,195,TONICA ANTARCTICA 350ML,"0,0000"
1704.90.90,874,TORRONE AMENDOIM C/ MEL DE ABELHA DOCES CARIJÓ 140G,"0,0000"
1704.90.90,870,TORRONE AMENDOIM C/ WAFER DOCES CARIJÓ 150G,"0,0000"
1806.31.10,905,TRENTO BRANCO DARK 32G ,"0,0000"
1806.31.10,904,TRENTO CREME 32G ,"0,0000"
1806.31.10,907,TRENTO SPECIAL AVELÃ BRANCO 26G ,"0,0000"
1806.31.10,908,TRENTO SPECIAL AVELÃ PRETO 26G,"0,0000"
1806.31.10,902,WAFFER SONHO DE VALSA TUBO 25G,"0,0000"
1905.90.90,945,WANFLOZITOS BACON C/ KETCHUP WANFLO 70G ,"0,0000"
1905.90.90,947,WANFLOZITOS BACON WANFLO 70G ,"0,0000"
3916.10.00,157,ACESSORIOS PISCINA,"0,0000"
3922.20.00,736,ASSENTO PRIVADA,"0,0000"
9503.00.21,1083,BABY DOG,"0,0000"
9506.32.00,158,BOLA,"0,0000"
9503.00.99,1094,BOLINHA COM LUZ,"0,0000"
9503.00.80,817,BONECA FADA,"0,0000"
9503.00.22,1082,BONECAS MIUDINHAS,"0,0000"
9503.00.22,797,BONECO DE BORRACHA,"0,0000"
9503.00.80,816,BRINQUEDO KIT CAMINHOES,"0,0000"
9503.00.80,815,BRINQUEDOS,"40,545"
9503.00.10,130,CADEIRA DE MADEIRA,"0,0000"
9503.00.10,94,CUBO MAGICO,"0,0000"
9503.00.10,872,DOMINÓ,"0,0000"
6307.90.90,813,ITENS BEBE,"0,0000"
9504.40.00,269,JOGO DADOS,"0,0000"
9503.00.60,1084,JOGO LEGO,"0,0000"
9503.00.10,898,JOGOS TABULEIRO,"0,0000"
9503.00.10,98,KIMELEKA,"0,0000"
9506.40.00,1093,KIT BOLAS PINGPONG,"0,0000"
9504.40.00,280,MARCADOR PLACAR,"0,0000"
9503.00.70,916,MINI GAME,"0,0000"
9503.00.80,811,MOTO DE PLASTICO,"0,0000"
9004.10.00,481,OCULOS MERGULHO,"0,0000"
9503.00.80,1331,POPS,"0,0000"
9503.00.99,1081,SKATE DE DEDO,"0,0000"
8306.30.00,661,FLOR 2X12,"0,0000"
5702.92.00,738,GRAMA ARTIFICIAL 25X25CM,"0,0000"
9507.90.00,1279,PRODUTOS PARA PESCA,"0,0000"
2518.10.00,1098,ACESSORIO JARDINAGEM,"73,547"
9505.90.00,451,ACESSORIOS FESTA 2 P/ 12,"0,0000"
9505.10.00,1259,ART NATAL 2POR12,"0,0000"
9505.10.00,1232,ARTIGOS NATAL,"0,0000"
7013.49.00,97,BALEIRO REDONDO,"0,0000"
7009.92.00,759,BANDEJA ESPELHADA VIDRO,"0,0000"
6307.90.10,485,CAPA CAPO BANDEIRA ,"0,0000"
3924.10.00,1115,CILIOS MDF,"0,0000"
8306.30.00,416,CUIA CHIMARRAO,"0,0000"
3924.10.00,425,DECORACAO MDF,"14,245"
8306.30.00,250,FLOR ,"0,3565"
7010.90.11,782,GARRAFA VIDRO,"0,0000"
6913.10.00,183,ITEM DECORATIVO,"16,758"
3926.40.00,821,ITEM PASCOA,"0,0000"
3926.40.00,803,ITEM PASCOA 2 P/ 12,"0,0000"
3926.40.00,814,ITEM PASCOA 3 P/ 12 ,"0,0000"
3926.40.00,823,ITEM PASCOA 4 P/ 12,"0,0000"
3926.40.00,833,ITEM PASCOA 6 P/ 12 ,"0,0000"
9505.10.00,198,LUZ LED,"28,809"
9503.00.10,471,MESA DE MADEIRA ,"0,0000"
9505.90.00,226,NEVE ARTIFICIAL,"0,0000"
9403.70.00,293,NICHO MDF,"24,693"
7013.49.00,417,PALITEIRO,"17,697"
4403.22.00,783,PINHEIRO COMPLETO,"0,0000"
4420.90.00,477,PORTA CHAVE,"0,0000"
8306.30.00,248,PORTA RETRATO ,"31,055"
8303.00.00,476,PORTA ROLHA ,"0,0000"
3923.90.00,601,POTE CAVEIRA 3 POR 12,"0,0000"
7010.90.12,781,POTICHE ,"0,0000"
3924.10.00,290,QUADRO DECORATIVO,"33,874"
3924.10.00,802,QUADRO ESCOLAR,"67,235"
9103.90.00,265,RELOGIO MESA,"19,405"
4016.91.00,620,REVESTIMENTO PISO 50CM ,"0,0000"
6302.51.00,613,TRILHO DE MESA 1 METRO POR 12,"0,0000"
6810.99.00,115,VASO DECORATIVO,"20,937"
7013.91.10,780,VASO FOLHAGEM,"63,644"
7013.91.10,1072,VASO VIDRO ,"0,0000"
3406.00.00,1256,VELA,"0,7487"
3406.00.00,1257,VELA 2POR12,"0,0000"
3302.10.00,580,ÁGUA PERFUMADA CIA DO AROMA 500ML,"0,0000"
3302.10.00,627,AROMIZANTE DE AMBIENTE KIT 230ML,"0,0000"
4402.90.00,1184,CARVÃO NARGUILE,"0,0000"
4602.19.00,281,CESTA VIME,"0,0000"
4202.21.00,289,CONSUMO LOJA,"52,551"
3304.10.00,1138,desativado,"0,0000"
3302.10.00,607,DESODORANTE PÓS BANHO CIA DO AROMA 170ML,"0,0000"
9608.20.00,530,DIVERSOS 12,"163,100"
6805.30.90,1148,ESPONJA BANHO,"65,280"
3302.10.00,579,ESSENCIA OLEOSA CIA DO AROMA 20G,"0,0000"
9608.20.00,1193,INSTALACAO PELICULA,"0,0000"
3402.90.90,516,KIT LIMPEZA CARRO,"0,0000"
5909.00.00,1136,MANGUEIRA C PITEIRA,"0,0000"
9021.10.10,1146,MUNHEQUEIRA/TORNOZELEIRA,"36,757"
2403.11.00,1120,NAY BLUE BLEND,"0,0000"
2403.11.00,1122,NAY BUBBLE BLEND,"0,0000"
2403.11.00,1119,NAY BUBBLE GRAPE,"0,0000"
2403.11.00,1199,NAY CHERRY BLEND,"0,0000"
2403.11.00,1121,NAY FLORESTA NEGRA,"0,0000"
2403.11.00,1204,NAY FRESH TANGER,"0,0000"
2403.11.00,1200,NAY FRESH WATERMELON,"0,0000"
2403.11.00,1197,NAY MARACUJA BLEND,"0,0000"
2403.11.00,1198,NAY MELON BLEND,"0,0000"
2403.11.00,1132,ONIX GRAPE,"0,0000"
2403.11.00,1133,ONIX PEAR,"0,0000"
7607.11.90,1134,PAPEL ALUMINIO ,"0,0000"
8472.90.40,1253,PERFURADOR ALUMINIO,"0,0000"
3917.29.00,467,PLACAS INFORMATIVAS ,"0,0000"
4819.40.00,1258,SACOLA PRES.2 POR 12,"0,0000"
4202.32.00,624,SAMSUNG A70 CAPINHA,"11,176"
8306.10.00,760,SINO MESA,"0,0000"
2403.11.00,1125,ZIGGY BANANA TROPCAL,"0,0000"
2403.11.00,1124,ZIGGY CHERRY STARBURST,"0,0000"
2403.11.00,1126,ZIGGY FRESH LEMON,"0,0000"
2403.11.00,1123,ZIGGY HAPPY BERRY,"0,0000"
2403.11.00,1128,ZIGGY HAPPY FRUTTI,"0,0000"
2403.11.00,1202,ZIGGY LARANJOLA TROPICAL,"0,0000"
2403.11.00,1273,ZIGGY RED LEMONED,"0,0000"
2403.11.00,1201,ZIGGY TANGER BOMB,"0,0000"
2403.11.00,1127,ZIGGY TROPICAL,"0,0000"
2403.11.00,1274,ZIGGY WATERMELON BOMB,"0,0000"
2403.11.00,1203,ZIGGY YELLOW STARBURST,"0,0000"
2403.11.00,1130,ZOMO FRAMBOESA ,"0,0000"
2403.11.00,1129,ZOMO MELANCIA ATOMICA,"0,0000"
2403.11.00,1131,ZOMO MINT,"0,0000"
9608.20.00,1324, CANETA TOUCH SCREEN CELULAR,"0,0000"
4817.10.00,218, S23,"0,0000"
4202.32.00,1293, SAMSUNG A03 CAPINHA,"12,000"
4202.32.00,807, XIAOMI POCO X3 CAPINHA,"34,285"
8544.42.00,21,ADAPTADOR FONE,"0,0000"
8517.62.77,994,ADAPTADOR TOMADA,"0,0000"
8517.62.77,993,ADAPTADOR USB/T.C,"0,0000"
5906.10.00,1280,ADESIVO PROTETOR CHUVA,"0,0000"
8517.62.62,19,ANEL POP CELULAR,"0,0000"
7308.90.90,17,BRAÇADEIRA CORRIDA,"0,0000"
8544.20.00,68,CABO 3 EM 1 ,"0,0000"
8544.20.00,26,CABO ADAPTADOR USB/V8 ,"0,0000"
8544.42.00,15,CABO AUXILIAR,"0,0000"
8544.42.00,934,CABO CONTROLE PS3,"0,0000"
8544.49.00,6,CABO ETHERNET,"0,0000"
8544.20.00,442,CABO FORCA,"0,0000"
8544.42.00,14,CABO HDMI,"0,0000"
8544.42.00,455,CABO IMPRESSORA,"0,0000"
8544.20.00,61,CABO IPHONE,"0,0000"
8544.20.00,689,CABO IPHONE MAGNETICO,"0,0000"
8544.20.00,560,CABO RCA ,"0,0000"
9032.89.11,1277,CABO SELFIE,"0,0000"
8544.20.00,45,CABO TIPO C,"0,0000"
8544.20.00,691,CABO TIPO C MAGNETICO,"0,0000"
8544.20.00,52,CABO V8 ,"0,0000"
8544.20.00,690,CABO V8 MAGNETICO,"0,0000"
8544.20.00,590,CABO VGA,"0,0000"
8544.42.00,16,CAMERA FISH EYE,"0,0000"
8518.30.00,852,CANETA RADIO,"0,0000"
4202.12.20,36,CAPA AGUA CELULAR,"0,0000"
4202.12.20,459,CAPA TABLET,"0,0000"
8504.40.10,35,CARREGADOR 8 EM 1 ,"0,0000"
8504.40.10,4,CARREGADOR CELULAR,"0,0000"
8504.40.10,12,CARREGADOR VEICULAR,"0,0000"
8504.40.10,846,CARREGADOR WATCH,"0,0000"
3926.90.90,692,CASE APPLE WATCH,"0,0000"
9004.10.00,10,CLIP OCULOS,"0,0000"
8526.92.00,1006,CONTROLE UNIVERSAL,"0,0000"
8517.62.51,190,CONVERSOR,"0,0000"
8544.42.00,885,EXTENSÃO USB,"0,0000"
3924.90.00,899,FAROL BIKE,"0,0000"
8518.30.00,853,FONE OUVIDO,"0,0000"
8504.40.10,214,FONTE CARREGADOR CELULAR,"0,0000"
3917.29.00,966,G14,"0,0000"
3304.20.90,342,G32,"0,0000"
3926.90.90,1137,HUAWEI P30 PRO CAPINHA,"0,0000"
3926.90.90,173,IPHONE 11 CAPINHA,"0,0000"
4202.32.00,420,IPHONE 11 CAPINHA MAGNETICA,"0,0000"
4202.32.00,175,IPHONE 11 PRO CAPINHA,"0,0000"
4202.32.00,412,IPHONE 11 PRO CAPINHA MAGNETICA,"0,0000"
4202.32.00,178,IPHONE 11 PRO MAX CAPINHA,"0,0000"
4202.32.00,421,IPHONE 11 PRO MAX CAPINHA MAGNETICA,"0,0000"
4202.32.00,181,IPHONE 12 MINI CAPINHA,"0,0000"
4202.32.00,184,IPHONE 12 PRO MAX ,"0,0000"
4202.32.00,180,IPHONE 12/12 PRO CAPINHA,"0,0000"
4202.32.00,1314,IPHONE 13 PROMAX,"0,0000"
4202.32.00,847,IPHONE 13/13 PRO CAPINHA,"10,987"
4202.32.00,1333,IPHONE 14 CAPINHA ,"0,0000"
4202.32.00,1334,IPHONE 14 MAX CAPINHA,"0,0000"
4202.32.00,1335,IPHONE 14 PRO CAPINHA,"0,0000"
4202.32.00,1336,IPHONE 14 PRO MAX CAPINHA,"0,0000"
4202.32.00,150,IPHONE 5G CAPINHA,"0,0000"
4202.32.00,151,IPHONE 6G CAPINHA ,"0,0000"
4202.32.00,153,IPHONE 6G PLUS CAPINHA,"0,0000"
4202.32.00,156,IPHONE 7/8 CAPINHA,"0,0000"
4202.32.00,422,IPHONE 7/8 CAPINHA MAGNETICA ,"0,0000"
4202.32.00,163,IPHONE 7/8 PLUS CAPINHA,"0,0000"
4202.32.00,418,IPHONE 7/8 PLUS CAPINHA MAGNETICA,"0,0000"
4202.32.00,174,IPHONE ORIGINAL 11 CAPINHA,"12,000"
4202.32.00,176,IPHONE ORIGINAL 11 PRO CAPINHA,"0,5507"
4202.32.00,177,IPHONE ORIGINAL 11 PRO MAX CAPINHA,"0,4948"
4202.32.00,182,IPHONE ORIGINAL 12 MINI CAPINHA,"10,971"
3926.90.90,185,IPHONE ORIGINAL 12 PRO MAX ,"0,8400"
3926.90.90,179,IPHONE ORIGINAL 12/12 PRO CAPINHA,"10,200"
4202.32.00,318,IPHONE ORIGINAL 13 CAPINHA,"0,0000"
4202.32.00,376,IPHONE ORIGINAL 13 MINI CAPINHA,"0,0000"
4202.32.00,320,IPHONE ORIGINAL 13 PRO CAPINHA ,"0,0000"
4202.32.00,326,IPHONE ORIGINAL 13 PRO MAX CAPINHA,"0,0000"
3926.90.90,588,IPHONE ORIGINAL 14 CAPINHA,"0,0000"
3926.90.90,614,IPHONE ORIGINAL 14 PRO,"0,0000"
3926.90.90,617,IPHONE ORIGINAL 14 PRO MAX,"0,0000"
3926.90.90,152,IPHONE ORIGINAL 6S CAPINHA,"0,0000"
3926.90.90,155,IPHONE ORIGINAL 6S PLUS CAPINHA,"0,4253"
3926.90.90,160,IPHONE ORIGINAL 7/8 CAPINHA,"12,323"
4202.32.00,165,IPHONE ORIGINAL 7/8 PLUS CAPINHA,"0,9613"
4202.32.00,167,IPHONE ORIGINAL X/XS CAPINHA,"0,9098"
3926.90.90,172,IPHONE ORIGINAL XR CAPINHA,"12,000"
4202.32.00,169,IPHONE ORIGINAL XS MAX CAPINHA,"0,6450"
3926.90.90,166,IPHONE X/XS CAPINHA,"0,0000"
4202.32.00,378,IPHONE X/XS CAPINHA MAGNETICA,"0,0000"
4202.32.00,171,IPHONE XR CAPINHA,"0,0000"
4202.32.00,170,IPHONE XS MAX CAPINHA,"0,0000"
4202.32.00,397,IPHONE XS MAX CAPINHA MAGNETICA ,"0,0000"
9613.10.00,697,ISQUEIRO ,"0,0000"
8517.62.62,463,KIT CHIP CELULAR,"0,0000"
3926.90.90,1189,LG K10 CAPINHA,"0,0000"
3926.90.90,277,LG K10 POWER CAPINHA,"0,0000"
3926.90.90,273,LG K11 CAPINHA,"0,0000"
3926.90.90,630,LG K11 PLUS CAPINHA,"0,0000"
3926.90.90,278,LG K12 PLUS CAPINHA,"0,0000"
3926.90.90,637,LG K22 CAPINHA,"0,0000"
3926.90.90,662,LG K40S CAPINHA,"0,0000"
3926.90.90,649,LG K41S CAPINHA,"0,0000"
3926.90.90,669,LG K50S CAPINHA,"0,0000"
3926.90.90,664,LG K51S CAPINHA,"0,0000"
3926.90.90,667,LG K52 CAPINHA,"0,0000"
3926.90.90,650,LG K61 CAPINHA,"0,0000"
3926.90.90,653,LG K62 CAPINHA,"0,0000"
3926.90.90,652,LG K71 CAPINHA,"0,0000"
3926.90.90,633,LG K9 CAPINHA,"0,0000"
9405.21.00,23,LUMINARIA ,"0,0000"
9405.21.00,9,LUZ DE SELFIE,"0,0000"
8509.80.90,643,MASSAGEADOR ELETRICO,"0,0000"
8518.10.90,1317,MICROFONE,"0,0000"
4202.32.00,377,MOTOROLA E20 CAPINHA,"0,0000"
4202.32.00,706,MOTOROLA E22 CAPINHA,"0,0000"
4202.32.00,1311,MOTOROLA E30/E40 CAPINHA ,"12,000"
4202.32.00,717,MOTOROLA E32 CAPINHA,"0,0000"
4202.32.00,105,MOTOROLA E4 CAPINHA,"0,0000"
3926.90.90,106,MOTOROLA E4 PLUS CAPINHA,"0,0000"
4202.32.00,108,MOTOROLA E5 CAPINHA,"0,0000"
4202.32.00,110,MOTOROLA E5 PLAY CAPINHA,"0,0000"
4202.32.00,112,MOTOROLA E5 PLUS CAPINHA,"0,0000"
4202.32.00,120,MOTOROLA E6 CAPINHA ,"0,0000"
3926.90.90,124,MOTOROLA E6 PLAY CAPINHA,"0,0000"
3926.90.90,121,MOTOROLA E6 PLUS CAPINHA,"0,0000"
3920.99.10,122,MOTOROLA E61 CAPINHA ,"0,0000"
3926.90.90,123,MOTOROLA E6S CAPINHA,"0,0000"
4202.32.00,125,MOTOROLA E7 CAPINHA,"12,000"
4202.32.00,127,MOTOROLA E7 PLUS CAPINHA ,"0,0000"
4202.32.00,126,MOTOROLA E7 POWER CAPINHA ,"12,000"
4202.32.00,1309,MOTOROLA EDGE 20 LITE CAPINHA,"12,000"
4202.32.00,1310,MOTOROLA EDGE 20 PRO,"12,000"
3926.90.90,95,MOTOROLA EDGE PLUS CAPINHA,"0,0000"
3926.90.90,147,MOTOROLA G10/G20/G30 CAPINHA ,"0,0000"
4202.32.00,187,MOTOROLA G100 CAPINHA,"0,0000"
4202.32.00,1332,MOTOROLA G200,"0,0000"
3926.90.90,102,MOTOROLA G3 CAPINHA,"0,0000"
4202.32.00,329,MOTOROLA G31 CAPINHA ,"0,0000"
3920.99.10,103,MOTOROLA G4 PLAY CAPINHA,"0,0000"
3926.90.90,104,MOTOROLA G4 PLUS CAPINHA,"0,0000"
4202.32.00,370,MOTOROLA G41 CAPINHA,"0,0000"
4202.32.00,116,MOTOROLA G5 PLUS CAPINHA,"0,0000"
4202.32.00,217,MOTOROLA G50 CAPINHA,"10,000"
3926.90.90,360,MOTOROLA G51 CAPINHA,"0,0000"
4202.32.00,696,MOTOROLA G52 CAPINHA,"0,0000"
4202.32.00,1239,MOTOROLA G5G,"0,0000"
4202.32.00,113,MOTOROLA G5S CAPINHA,"0,0000"
4202.32.00,114,MOTOROLA G5S PLUS CAPINHA,"0,0000"
3926.90.90,117,MOTOROLA G6 CAPINHA,"0,0000"
4202.32.00,119,MOTOROLA G6 PLAY CAPINHA,"0,0000"
4202.32.00,118,MOTOROLA G6 PLUS CAPINHA,"0,0000"
4202.32.00,213,MOTOROLA G60/G40FUSION CAPINHA,"10,971"
3926.90.90,372,MOTOROLA G60S CAPINHA,"0,0000"
3920.99.10,128,MOTOROLA G7 CAPINHA ,"0,0000"
4202.32.00,129,MOTOROLA G7 PLAY CAPINHA,"0,4429"
3926.90.90,279,MOTOROLA G7 PLUS CAPINHA,"0,0000"
4202.32.00,1233,MOTOROLA G7 POWER CAPINHA,"12,839"
4202.12.20,473,MOTOROLA G71 5G CAPINHA,"0,0000"
4202.32.00,844,MOTOROLA G71 CAPINHA,"0,0000"
4202.32.00,131,MOTOROLA G8 CAPINHA,"0,0000"
4202.32.00,138,MOTOROLA G8 PLAY CAPINHA ,"0,0000"
4202.32.00,134,MOTOROLA G8 PLUS,"0,0000"
4202.32.00,135,MOTOROLA G8 POWER CAPINHA,"0,0000"
4202.32.00,137,MOTOROLA G8 POWER LITE CAPINHA,"0,0000"
4202.32.00,1337,MOTOROLA G82,"0,0000"
4202.32.00,139,MOTOROLA G9 CAPINHA,"0,0000"
4202.32.00,144,MOTOROLA G9 PLAY CAPINHA ,"0,0000"
4202.32.00,140,MOTOROLA G9 PLUS CAPINHA,"0,0000"
4202.32.00,143,MOTOROLA G9 POWER CAPINHA ,"0,0000"
8517.12.32,75,MOTOROLA MOTO C CAPINHA,"0,0000"
8517.12.32,76,MOTOROLA MOTO C PLUS CAPINHA,"0,0000"
4202.32.00,107,MOTOROLA ONE 5G CAPINHA,"0,0000"
4202.32.00,99,MOTOROLA ONE ACTION CAPINHA,"0,0000"
4202.12.20,600,MOTOROLA ONE CAPINHA,"0,0000"
4202.32.00,79,MOTOROLA ONE FUSION CAPINHA,"0,0000"
3926.90.90,92,MOTOROLA ONE FUSION PLUS CAPINHA,"0,0000"
4202.32.00,93,MOTOROLA ONE HYPER CAPINHA,"0,0000"
4202.32.00,100,MOTOROLA ONE VISION CAPINHA,"0,0000"
4202.32.00,101,MOTOROLA ONE ZOOM CAPINHA,"0,0000"
8517.12.32,96,MOTOROLA Z3 PLAY CAPINHA,"0,0000"
8471.60.53,3,MOUSE,"26,315"
4016.99.90,8,MOUSEPAD,"146,218"
3917.40.90,30,ORGANIZADOR CABOS,"62,416"
3920.20.19,149,PÁ PET,"64,069"
7007.19.00,472,PELICULA CAM IPHONE,"0,0000"
2925.29.90,448,PELICULA PRIVACIDADE/NEON ,"0,0000"
2925.29.90,587,PELICULA TABLET ,"0,0000"
2925.29.90,666,PELICULA TRASEIRA,"0,0000"
2925.29.90,1243,PELICULAS,"0,0000"
3926.90.90,645,PETISCO PET 2 P/ 12,"0,0000"
8506.10.20,1036,PILHA 3 POR 12,"0,0000"
8531.20.00,659,PLACA UBER LED,"0,0000"
4202.32.00,1206,PORTA CARTÃO CELULAR,"0,0000"
8518.30.00,267,PORTA FONE DE OUVIDO,"0,0000"
3926.90.90,561,PROTETOR CABO E FONTE ,"0,0000"
8544.42.00,20,PROTETOR CABOS,"0,0000"
9113.90.00,223,PULSEIRA APPLE WATCH,"0,0000"
3919.10.90,22,PULSEIRA/FITA SALVA CELULAR,"0,0000"
4202.32.00,59,SAMSUNG A01 CAPINHA,"10,000"
4202.32.00,62,SAMSUNG A01 CORE CAPINHA,"0,0000"
4202.32.00,644,SAMSUNG A02 CAPINHA,"0,6430"
4202.32.00,64,SAMSUNG A02S CAPINHA ,"0,9818"
4202.32.00,367,SAMSUNG A03 CORE CAPINHA,"0,0000"
4202.32.00,1278,SAMSUNG A03S CAPINHA,"12,692"
4202.32.00,725,SAMSUNG A04 CAPINHA,"0,0000"
4202.32.00,727,SAMSUNG A04S CAPINHA,"0,0000"
4202.32.00,73,SAMSUNG A10 CAPINHA,"0,0000"
3926.90.90,385,SAMSUNG A10 CAPINHA MAGNETICA ,"0,0000"
4202.32.00,82,SAMSUNG A10S CAPINHA,"10,000"
4202.32.00,83,SAMSUNG A11 CAPINHA,"0,0000"
4202.32.00,84,SAMSUNG A12 CAPINHA,"0,0000"
4202.32.00,1294,SAMSUNG A13 CAPINHA,"12,000"
4202.32.00,716,SAMSUNG A14 CAPINHA,"0,0000"
4202.32.00,85,SAMSUNG A20/A30 CAPINHA,"0,0000"
4202.32.00,86,SAMSUNG A20S CAPINHA,"0,8832"
4202.32.00,87,SAMSUNG A21 CAPINHA,"0,0000"
4202.32.00,88,SAMSUNG A21S CAPINHA,"0,0000"
4202.32.00,1260,SAMSUNG A22 4G/5G CAPINHA,"12,857"
4202.32.00,453,SAMSUNG A23 4G CAPINHA,"0,0000"
4202.32.00,65,SAMSUNG A3 CAPINHA,"0,0000"
4202.32.00,89,SAMSUNG A30S/A50 CAPINHA,"11,590"
4202.32.00,136,SAMSUNG A31 CAPINHA,"0,0000"
3926.90.90,109,SAMSUNG A32 4G CAPINHA,"12,572"
4202.32.00,209,SAMSUNG A32 5G CAPINHA,"0,0000"
4202.32.00,337,SAMSUNG A33 5G CAPINHA,"0,0000"
4202.12.20,730,SAMSUNG A34 5G CAPINHA,"0,0000"
4202.32.00,660,SAMSUNG A50S CAPINHA,"0,0000"
4202.32.00,339,SAMSUNG A51 CAPINHA ,"0,9523"
4202.32.00,623,SAMSUNG A52 CAPINHA,"0,6899"
4202.32.00,1295,SAMSUNG A53 CAPINHA,"12,000"
3920.99.10,559,SAMSUNG A54,"0,0000"
4202.32.00,1240,SAMSUNG A7,"0,0000"
4202.32.00,625,SAMSUNG A71 CAPINHA,"24,000"
4202.32.00,629,SAMSUNG A72 CAPINHA,"0,9818"
4202.32.00,715,SAMSUNG A73 CAPINHA,"0,0000"
4202.32.00,66,SAMSUNG A8 CAPINHA,"0,0000"
4202.32.00,69,SAMSUNG A8 PLUS CAPINHA,"0,0000"
4202.32.00,71,SAMSUNG A9 2018 CAPINHA,"0,0000"
4202.32.00,133,SAMSUNG CAPINHA,"0,0000"
3926.90.90,270,SAMSUNG J1 CAPINHA,"0,0000"
3926.90.90,1039,SAMSUNG J2 CORE CAPINHA,"0,0000"
3926.90.90,1040,SAMSUNG J2 PRIME CAPINHA,"0,0000"
3926.90.90,842,SAMSUNG J2 PRO CAPINHA,"0,0000"
4202.32.00,756,SAMSUNG J3 CAPINHA ,"0,0000"
3926.90.90,1041,SAMSUNG J4 CAPINHA,"0,0000"
4202.32.00,428,SAMSUNG J4 CAPINHA MAGNETICA,"0,0000"
3926.90.90,1235,SAMSUNG J4 CORE,"0,0000"
3926.90.90,1042,SAMSUNG J4 PLUS CAPINHA,"0,0000"
3926.90.90,430,SAMSUNG J4 PLUS CAPINHA MAGNETICA,"0,0000"
3926.90.90,1044,SAMSUNG J5 CAPINHA,"0,0000"
3926.90.90,1045,SAMSUNG J5 PRIME CAPINHA,"0,0000"
3926.90.90,1043,SAMSUNG J5 PRO CAPINHA,"0,0000"
3926.90.90,1046,SAMSUNG J6 CAPINHA,"0,0000"
4202.32.00,393,SAMSUNG J6 PLUS CAPINHA MAGNETICA,"0,0000"
3926.90.90,1047,SAMSUNG J6PLUS CAPINHA,"0,0000"
3926.90.90,1050,SAMSUNG J7 2016 CAPINHA,"0,0000"
3926.90.90,1048,SAMSUNG J7 CAPINHA,"0,0000"
3926.90.90,268,SAMSUNG J7 MAX CAPINHA,"0,0000"
3926.90.90,1049,SAMSUNG J7 PRIME CAPINHA,"0,0000"
3926.90.90,1051,SAMSUNG J7 PRO CAPINHA,"0,0000"
3926.90.90,1052,SAMSUNG J8 CAPINHA,"0,0000"
4202.32.00,1285,SAMSUNG M12,"0,0000"
4202.32.00,744,SAMSUNG M20 CAPINHA,"0,0000"
4202.12.20,401,SAMSUNG M23 CAPINHA,"0,0000"
3926.90.90,1069,SAMSUNG M30 CAPINHA,"0,0000"
3926.90.90,1070,SAMSUNG M31/M21S CAPINHA,"0,0000"
4202.32.00,1301,SAMSUNG M32 CAPINHA,"12,699"
4202.32.00,688,SAMSUNG M51 CAPINHA,"0,0000"
4202.32.00,711,SAMSUNG M53 5G,"0,0000"
4202.32.00,1302,SAMSUNG M62 CAPINHA,"12,000"
3926.90.90,1062,SAMSUNG NOTE20PLUS CAPINHA,"0,0000"
3926.90.90,1053,SAMSUNG S10 CAPINHA,"12,381"
3926.90.90,1054,SAMSUNG S10 LITE CAPINHA,"0,0000"
3926.90.90,1056,SAMSUNG S10 PLUS CAPINHA,"12,800"
3926.90.90,1055,SAMSUNG S10E  CAPINHA,"0,0000"
3926.90.90,392,SAMSUNG S10E CAPINHA MAGNETICA ,"0,0000"
3926.90.90,1057,SAMSUNG S20 CAPINHA,"15,515"
3926.90.90,1060,SAMSUNG S20 FE CAPINHA,"0,0000"
3926.90.90,1059,SAMSUNG S20 PLUS CAPINHA,"14,490"
3926.90.90,434,SAMSUNG S20 PLUS CAPINHA MAGNETICA ,"0,0000"
3926.90.90,1058,SAMSUNG S20 ULTRA CAPINHA,"0,0000"
3926.90.90,1061,SAMSUNG S20-1ULTRA CAPINHA,"0,0000"
3926.90.90,1063,SAMSUNG S21 CAPINHA,"11,500"
4202.32.00,168,SAMSUNG S21 PLUS CAPINHA,"10,769"
3926.90.90,186,SAMSUNG S21 ULTRA CAPINHA,"0,0000"
4202.32.00,1300,SAMSUNG S21FE CAPINHA,"10,000"
4202.32.00,1296,SAMSUNG S22 CAPINHA,"12,000"
4202.32.00,1297,SAMSUNG S22 PLUS CAPINHA ,"12,000"
4202.32.00,1298,SAMSUNG S22 ULTRA CAPINHA,"11,369"
4202.12.20,732,SAMSUNG S23 ULTRA CAPINHA,"0,0000"
3926.90.90,1064,SAMSUNG S30PLUS CAPINHA,"0,0000"
3926.90.90,1065,SAMSUNG S8 CAPINHA,"12,000"
4202.32.00,1303,SAMSUNG S8 PLUS CAPINHA,"12,000"
3926.90.90,1066,SAMSUNG S8 PLUS CAPINHA,"0,0000"
3926.90.90,1067,SAMSUNG S9 CAPINHA,"11,228"
3926.90.90,1068,SAMSUNG S9 PLUS CAPINHA,"12,727"
8536.90.30,508,SOQUETE LAMPADA,"0,0000"
8517.62.62,32,SUPORTE CELULAR ,"0,0308"
3926.90.90,709,SUPORTE CELULAR BIKE,"0,0000"
3920.99.10,13,SUPORTE CELULAR MESA,"17,669"
9025.19.10,7,TERMOMETRO,"0,0000"
9620.00.00,11,TRIPÉ,"0,0000"
8544.42.00,850,USB BLUETOOTH,"0,0000"
8517.62.77,18,USB WIRELESS,"0,0000"
8541.40.11,251,VIDEO AMPLIFICADOR,"0,0000"
3926.90.90,878,XIAOMI 8 LITE CAPINHA,"0,0000"
4202.32.00,1304,XIAOMI 9C CAPINHA,"12,000"
4202.32.00,658,XIAOMI 9T CAPINHA,"0,0000"
4202.32.00,1313,XIAOMI MI 11 LITE CAPINHA ,"12,000"
3926.90.90,758,XIAOMI MI 7 CAPINHA,"0,0000"
3926.90.90,877,XIAOMI MI 8 CAPINHA,"0,0000"
3926.90.90,675,XIAOMI MI 9 CAPINHA,"0,0000"
3926.90.90,670,XIAOMI MI 9 LITE CAPINHA,"0,0000"
3926.90.90,638,XIAOMI MI 9 SE CAPINHA,"0,0000"
9113.90.00,221,XIAOMI MI BAND PULSEIRA,"0,0000"
4202.32.00,654,XIAOMI MI NOTE 9 CAPINHA,"20,000"
3926.90.90,1318,XIAOMI MI NOTE 9A M9A,"0,0000"
4202.32.00,266,XIAOMI NOTE 10 CAPINHA,"21,202"
3926.90.90,882,XIAOMI NOTE 10 LITE CAPINHA,"0,0000"
4202.32.00,426,XIAOMI NOTE 10 PRO CAPINHA MAGNETICA,"0,0000"
4202.32.00,1299,XIAOMI NOTE 10T CAPINHA,"12,000"
4202.12.20,731,XIAOMI NOTE 12 PRO CAPINHA,"0,0000"
3926.90.90,883,XIAOMI NOTE 20 CAPINHA,"0,0000"
3926.90.90,880,XIAOMI NOTE 8 CAPINHA,"30,000"
3926.90.90,876,XIAOMI NOTE 8 PRO CAPINHA,"0,0000"
3926.90.90,881,XIAOMI NOTE 8T CAPINHA,"0,0000"
3926.90.90,672,XIAOMI NOTE 9 PRO/S/PRO MAX CAPINHA,"11,250"
4202.32.00,478,XIAOMI POCO C3 CAPINHA,"0,0000"
4202.32.00,719,XIAOMI POCO C40 CAPINHA,"0,0000"
4202.32.00,1341,XIAOMI POCO F4,"0,0000"
4202.32.00,1343,XIAOMI POCO F4 GT,"0,0000"
4202.32.00,1238,XIAOMI POCO M3,"0,0000"
4202.32.00,1344,XIAOMI POCO M4,"0,0000"
4202.12.20,733,XIAOMI POCO M4 CAPINHA,"0,0000"
4202.32.00,1345,XIAOMI POCO M4 PRO,"0,0000"
4202.32.00,1342,XIAOMI POCO X4 GT,"0,0000"
4202.32.00,1340,XIAOMI POCO X4 PRO,"0,0000"
4202.12.20,728,XIAOMI POCO X5 CAPINHA,"0,0000"
4202.32.00,322,XIAOMI REDMI 10 CAPINHA,"0,0000"
3926.90.90,751,XIAOMI REDMI 6 A CAPINHA,"0,0000"
3926.90.90,854,XIAOMI REDMI 7 A CAPINHA,"0,0000"
3926.90.90,879,XIAOMI REDMI 8/8A CAPINHA,"0,0000"
3926.90.90,673,XIAOMI REDMI 9 A CAPINHA,"11,900"
4202.32.00,640,XIAOMI REDMI 9 C CAPINHA,"0,0000"
4202.32.00,656,XIAOMI REDMI 9 CAPINHA,"0,0000"
8517.12.32,1237,XIAOMI REDMI 9I CAPINHA,"0,0000"
4202.32.00,729,XIAOMI REDMI 9T CAPINHA,"0,0000"
4202.32.00,1236,XIAOMI REDMI HM 9 CAPINHA,"0,0000"
4202.32.00,1312,XIAOMI REDMI NOTE 11 CAPINHA ,"12,000"
4202.32.00,1234,XIAOMI REDMI NOTE 7 CAPINHA,"0,0000"
8301.40.00,56,ABRAÇADEIRA,"29,800"
8215.99.10,754,AFIADOR FACA,"0,0000"
8531.10.90,244,ALARME SONORO,"0,0000"
8205.40.00,37,ALICATE,"0,0000"
8536.61.00,297,BOCAL,"0,0000"
8301.40.00,55,CADEADO,"0,0000"
8301.40.00,460,CADEADO 2 P/ 12,"0,0000"
8301.10.00,58,CADEADO BIKE,"0,0000"
8708.99.90,257,CAPA DE VOLANTE,"0,0000"
3405.30.00,1164,CERA AUTOMOTIVA,"0,0000"
8206.00.00,72,CHAVE FENDA,"40,964"
9030.39.10,770,CHAVE TESTE,"40,745"
8205.59.00,1326,CHAVE TURQUESA,"0,0000"
8204.11.00,81,CHAVES FERRAMENTA,"0,0000"
3926.90.90,54,COLHER DE PEDREIRO,"0,0000"
8204.11.00,47,CONJUNTO CHAVE ALLEN,"0,0000"
4007.00.20,91,CORDA,"0,0000"
6804.22.11,799,DISCO ABRASIVO,"42,650"
8202.39.00,800,DISCO DE CORTE MADEIRA,"0,0000"
9603.90.00,74,DISCO DIAMANTADO,"0,0000"
9603.90.00,44,ESCOVA AÇO,"0,0000"
8214.10.00,67,ESPATULA FER.,"0,0000"
7323.99.00,77,ESPETO CHURRASCO,"0,0000"
8301.10.00,57,ESTANHO,"0,0000"
8211.94.00,39,ESTILETE,"18,046"
8544.42.00,50,FIO NILON,"0,0000"
5906.10.00,60,FITA ISOLANTE,"68,245"
3910.00.12,1163,GRAFITE CARRO,"0,0000"
8206.00.00,1103,KIT FERRAMENTA,"36,891"
8201.30.00,1090,KIT JARDIM,"60,264"
4007.00.19,51,LACRE,"0,0000"
8513.10.10,798,LANTERNA,"0,0000"
9017.80.10,49,LIMA,"0,0000"
3402.90.39,887,LIMPA PARABRISA,"0,0000"
6116.99.00,700,LUVA SEGURANÇA,"0,0000"
8205.20.00,90,MARTELO,"93,613"
8468.10.00,698,MINI MACARICO,"0,0000"
7117.90.00,1282,MOSQUETAO,"0,0000"
9015.30.00,1228,NIVEL,"10,113"
9017.80.10,43,OCULOS PROTEÇAO,"0,0000"
3917.40.90,53,ORGANIZADOR FIOS,"0,0000"
8406.90.21,524,PALHETA SILICONE CARRO,"0,0000"
9603.30.00,70,PINCEL FERRAMENTAS,"36,444"
8424.20.00,205,PISTOLA COLA QUENTE,"0,0000"
9017.80.10,42,PREGO/PARAFUSO,"0,0000"
3402.90.90,1166,PRETINHO PNEU,"0,0000"
8708.29.19,1109,PROTETOR SOLAR AUTOMOTIVO TALBERG,"26,725"
3506.10.90,701,REFIL COLA QUENTE ,"0,0000"
8211.94.00,1217,REFIL ESTILETE,"0,0000"
8205.59.00,46,ROLO PINTURA,"0,0000"
8202.10.00,78,SERRA CIRCULAR,"0,0000"
9017.80.10,48,SERROTE,"0,0000"
8205.40.00,80,SIFÃO,"0,0000"
7318.13.00,63,SILICONE,"0,0000"
3506.10.90,1096,SILICONE CARRO,"0,0000"
9017.80.10,1009,TAXINHA,"0,0000"
9017.80.10,41,TRENA,"51,445"
3402.90.90,1167,VR4 ORGANICO CARRO,"0,0000"
9505.90.00,753,ACESSORIOS FESTA,"0,8807"
4910.00.00,164,AGENDA ,"0,0000"
4901.99.00,469,ALBUM COPA 2022,"0,0000"
8214.10.00,743,APONTADOR / BORRACHA,"0,0000"
9609.10.00,227,AQUARELA,"0,0000"
4820.10.00,258,BLOCO DE NOTAS,"26,318"
4820.10.00,231,BLOCO PEDIDO,"0,0000"
4820.20.00,517,CADERNO 1 POR 12,"0,0000"
4820.20.00,519,CADERNO 2 POR 12,"0,0000"
4820.20.00,511,CADERNO 3 POR 12,"0,0000"
4819.20.00,464,CAIXA PRESENTE,"56,415"
4819.20.00,714,CAIXA PRESENTE 2 P/ 12,"0,0000"
8470.10.00,272,CALCULADORA,"32,211"
9608.20.00,722,CANETA 1 POR 12,"11,736"
9608.20.00,1073,CANETA HIDROCOR 24CORES,"0,0000"
9608.20.00,513,CANETA NOTA FALSA,"0,0000"
9608.20.00,1075,CANETA PINCEL MARCADOR,"0,0000"
9608.20.00,895,CANETINHA,"53,206"
4202.31.00,1028,CARTEIRA FEMININA,"0,0000"
7325.91.00,819,CHAVEIRO,"0,0000"
9018.90.95,932,CLIPS PAPEL,"26,956"
3506.10.90,235,COLA,"30,847"
3506.10.90,239,COLA BASTÃO 2 POR 12,"0,0000"
4202.32.00,1027,CORDAO CRACHA,"0,0000"
9608.20.00,718,CORRETIVO 1 POR 12,"13,800"
4901.91.00,1283,DICIONARIO ,"0,0000"
8213.00.00,161,ELASTICO BORRACHA,"0,0000"
3926.90.90,1270,ENVELOPE,"0,0000"
8305.90.00,232,ESPETO LEMBRETES,"0,0000"
4202.32.00,159,ESTOJO,"0,0000"
4821.10.00,1222,ETIQUETA ADESIVA,"32,315"
9608.99.90,229,EXTRATOR DE GRAMPOS,"0,0000"
4811.41.10,234,FITA ADESIVA,"69,028"
5906.10.00,230,FITA DUPLA FACE,"11,333"
5906.10.00,204,FITA METRICA,"0,0000"
4802.56.10,237,FOLHA A4,"47,022"
9609.90.00,1105,GIZ 1 POR 12,"32,090"
9609.90.00,1266,GIZ DE CERA,"10,330"
9608.20.00,1346,GIZ LIQUIDO,"0,0000"
8472.90.40,201,GRAMPEADOR,"61,784"
8305.20.00,276,GRAMPO,"43,090"
8305.20.00,693,GRAMPO 3 POR 12,"0,0000"
9504.40.00,271,JOGO BARALHO,"79,922"
3917.29.00,724,KIT BOLO,"0,0000"
3926.10.00,243,KIT ESCOLAR,"33,475"
5806.32.00,988,LACO PRESENTE ,"0,0000"
4903.00.00,726,LANÇA CONFETE ,"0,0000"
9608.20.00,894,LAPIS,"16,662"
9609.10.00,208,LAPIS DE COR,"10,206"
9608.20.00,957,LAPISEIRA,"13,785"
4901.99.00,831,LIVRO 1 POR 12,"29,014"
4901.99.00,830,LIVRO 2 POR 12,"0,0000"
4911.10.10,1080,LIVRO LER E COLORIR,"80,677"
4202.12.10,247,MALETA FERRAMENTA,"40,684"
9608.20.00,1074,MARCA TEXTO ,"0,0000"
3407.00.10,211,MASSA DE MODELAR,"29,873"
9608.20.00,888,MAT ESCRITORIO,"26,812"
9608.20.00,452,MAT ESCRITORIO 2 P/ 12,"0,0000"
4901.99.00,470,PACOTE FIGURINHAS COPA 2022,"0,0000"
9608.20.00,720,PAPELARIA  2 POR 12,"0,0000"
4202.12.10,242,PAPELARIA 3 POR 12,"0,0000"
3926.10.00,822,PAPELARIA 4 POR 12,"0,0000"
4820.20.00,674,PAPELARIA 5 POR 12,"0,0000"
4202.12.10,249,PASTA,"0,0000"
8472.90.40,1229,PERFURADOR METAL,"32,466"
8505.19.90,1076,PLANNER MAGNÉTICO,"0,0000"
4202.21.00,812,POCHETE,"0,0000"
9608.99.90,707,PORTA CANETA,"0,0000"
3924.90.00,282,PORTA TRECO,"49,900"
4421.99.00,240,PRANCHETA,"0,0000"
3926.10.00,1079,REGUA ESCOLAR,"12,326"
3924.10.00,2,SACO PRESENTE G,"0,8788"
3924.10.00,256,SACO PRESENTE G1,"0,0000"
4810.22.90,254,SACO PRESENTE G2,"0,0000"
3924.10.00,963,SACO PRESENTE M,"0,2010"
3924.10.00,964,SACO PRESENTE P,"0,1356"
4819.40.00,1077,SACOLA PRESENTE ,"0,0000"
3915.90.00,274,SUPORTE P FITA ADESIVA,"41,694"
5901.90.00,1275,TELA PINTURA,"20,017"
8213.00.00,162,TESOURA,"22,924"
4810.22.90,433,TINTA,"0,0000"
3213.10.00,212,TINTA GUACHE,"62,094"
6302.53.00,332,TOALHA P/ METRO ,"0,0000"
8205.40.00,533,ALICATE PET,"0,0000"
3924.90.00,1251,BANDEJA HIG. PET,"42,256"
3926.90.90,1092,BEBEDOURO PET,"42,945"
9506.69.00,855,BOLINHA PET,"0,0000"
9503.00.10,132,BRINQUEDO PET,"23,392"
4201.00.90,739,CAMA PET,"0,0000"
4201.00.90,755,COLCHONETE,"0,0000"
4201.00.10,142,COLEIRA PET,"0,0000"
3926.90.90,1088,COMEDOURO PET,"44,945"
3924.10.00,1118,COPO PET,"0,0000"
9603.90.00,141,ESCOVA PET,"0,0000"
4201.00.90,773,GUIA E PEITORAL CAES,"0,0000"
4201.00.90,772,GUIA E PEITORAL GATOS,"0,0000"
6114.90.10,556,ITEM PET 2POR12,"0,0000"
3926.90.90,479,KIT PET ,"0,0000"
6307.90.90,146,LUVA BANHO PET,"0,0000"
6301.40.00,901,MANTA PET,"11,664"
3926.90.90,1230,PÁ PET,"0,0000"
9506.69.00,857,PERFUME PET,"0,0000"
3926.90.90,1286,PETISCO 3 POR 12,"0,0000"
3926.90.90,145,PETISCO PET,"0,0000"
6114.90.10,5,ROUPAS PET,"20,034"
3923.21.90,148,SACO LIXO PET,"0,0000"
3307.90.00,154,SHAMPOO PET,"0,0000"
9619.00.00,1250,TAPETE HIGIENICO PET,"0,0000"
3924.10.00,501,ACUCAREIRO,"47,445"
3924.90.00,565,BACIA,"35,302"
3924.90.00,492,BACIA INOX,"13,276"
3926.90.90,1037,BALDE CERVEJA,"0,0000"
3917.29.00,611,BALDE PIPOCA,"0,8801"
3926.90.90,677,BALDE PLASTICO,"57,045"
3917.29.00,851,BANQUETA PLASTICA,"0,0000"
3917.29.00,648,BEBEDOURO ,"0,0000"
8413.20.00,495,BOMBA AGUA,"0,0000"
8424.89.90,539,BORRIFADOR,"45,427"
3917.29.00,628,CAIXA SOS ,"42,452"
3926.90.90,441,CANECA PLASTICA COM TAMPA,"0,0000"
6912.00.00,612,CANECA TERMICA,"0,0000"
3917.29.00,514,CESTO ORGANIZADOR 2 P/ 12,"0,0000"
4819.10.00,910,CESTO ROUPA,"108,603"
3926.90.40,1216,CHUPETA,"28,065"
3924.10.00,635,COPO CANUDO,"19,451"
3924.10.00,599,COPO LED,"80,780"
3924.10.00,1014,COPO PLASTICO ,"0,0000"
6702.10.00,791,desativar código,"0,0000"
7615.10.00,618,ESPREMEDOR PORTATIL,"0,0000"
6702.10.00,974,FILTRO CHIMARRAO,"0,0000"
7615.10.00,488,FORMA BOLO PLASTICO,"0,0000"
3924.10.00,498,FORMA DE COXINHA,"0,0000"
3924.10.00,500,FORMA DE PASTEL,"0,0000"
3924.10.00,589,FUNIL,"34,929"
3924.10.00,621,GARRAFINHA,"52,400"
3924.10.00,454,JARRA PLASTICO,"63,334"
3923.21.90,609,KIT BANHEIRO,"0,0000"
3924.10.00,510,KIT CAFE ,"0,0000"
3917.29.00,702,KIT COPO PLASTICO,"0,0000"
7010.90.12,777,KIT LANCHE,"0,0000"
3924.10.00,540,LEITEIRA ,"0,0000"
3924.90.00,602,LIXEIRA,"93,031"
3926.90.90,443,MAMADEIRA,"76,097"
3917.29.00,915,MANTEIGUEIRA ,"37,759"
8424.89.90,496,MINI BORRIFADOR ,"0,0000"
3917.29.00,458,NUMEROS CASA,"0,0000"
3924.10.00,1154,OMELETEIRA,"0,0000"
3924.90.00,642,ORGANIZADOR,"0,0000"
9403.70.00,480,ORGANIZADOR CALCADO,"0,0000"
4202.92.00,581,ORGANIZADOR GAVETAS,"0,0000"
3924.90.00,1106,ORGANIZADOR GELADEIRA,"0,0000"
3917.29.00,523,PALLET JARDIM ,"0,0000"
3922.90.00,437,PENICO,"0,0000"
3924.10.00,305,PORTA BOLO,"0,0000"
7013.42.90,616,PORTA CONDIMENTOS,"58,121"
3924.90.00,538,PORTA DETERGENTE / SABONETE,"10,361"
3924.90.00,535,PORTA ESCOVA DENTE,"0,0000"
7013.99.00,631,PORTA MANTIMENTOS,"0,0000"
9020.00.10,1143,PORTA MASCARA ,"0,0000"
3924.10.00,497,PORTA MEL,"0,0000"
3917.29.00,1144,PORTA REMEDIO,"46,911"
3924.90.00,596,PORTA SABÃO EM PÓ,"0,0000"
3924.10.00,542,PORTA SHAMPOO,"60,820"
3924.90.00,597,PORTA TALHER,"45,256"
3924.10.00,465,POTE HERMETICO,"55,140"
3924.10.00,721,POTE KIT 2 POR 12,"0,0000"
3917.29.00,506,POTES ORGANIZADORES,"40,683"
3924.10.00,634,REFRATARIO ACRILICO,"0,0000"
3926.90.90,439,REGADOR,"37,000"
3924.10.00,502,SALEIRO ,"0,0000"
3926.90.90,1091,SUPORTE GARRAFA BIKE,"0,0000"
3924.90.00,903,SUPORTE LIXO COZINHA,"35,146"
3926.90.90,438,VASO PLASTICO,"19,859"
2914.11.00,449,ACETONA 2 P/ 12,"0,0000"
7323.94.00,1186,ADESIVO ROSTO,"0,0000"
3506.99.00,246,ADESIVO UNHA,"0,0000"
3304.99.10,1141,ADSTRINGENTE,"0,0000"
3304.20.90,340,AGUA MICELAR,"74,423"
3304.99.10,840,AGUA TERMAL ,"0,0000"
2207.20.19,1016,ÁLCOOL/ALCOOL GEL,"0,0000"
3005.90.90,324,ALGODAO ,"58,586"
8446.30.40,1176,ALICATE DE UNHA,"0,0000"
8509.80.90,344,APARADOR PELOS,"0,0000"
3926.90.40,1307,ASPIRADOR NASAL,"84,700"
9603.29.00,1306,BACIA PES ,"62,750"
8214.20.00,327,BACTERICIDA,"0,0000"
3304.20.90,365,BASE LIQUIDA ,"39,972"
3304.20.10,398,BATOM,"0,0000"
3304.10.00,411,BATOM / LIP LIQUIDO,"61,072"
3304.20.10,206,BATOM 2 P/ 12 ,"0,0000"
3304.20.90,374,BLUSH,"37,795"
4202.92.00,1190,BOLSA,"0,0000"
6704.90.00,307,CILIOS POSTICOS,"0,3468"
6704.90.00,300,COLA CILIOS POSTICO,"0,0000"
3506.99.00,1153,COLA DE UNHA ,"0,0000"
3304.20.90,391,COLA GLITTER,"0,0000"
3305.90.00,406,CONDICIONADOR MONANGE,"0,0000"
3304.20.90,369,CORRETIVO MAQUIAGEM,"68,000"
8214.20.00,1219,CORTADOR UNHAS,"0,0000"
3304.99.10,1188,CREME CABELO,"58,322"
3304.99.10,188,CREME FACIAL,"0,0000"
6704.90.00,927,CURVEX,"41,914"
3304.20.10,395,DELINEADOR,"72,664"
3304.20.90,336,DEMAQUILANTE,"86,616"
8510.30.00,1255,DEPILADOR ELETRICO,"0,0000"
3307.20.10,1305,DESODORANTE INTIMO ,"85,500"
3307.20.10,1180,DESODORANTE PE,"73,200"
3307.20.10,832,DESODORANTE ROLL ON,"0,0000"
3307.20.10,1241,DESODORANTE/PERFUMES,"0,0000"
3304.91.00,358,DILUIDOR MAQUIAGEM,"0,0000"
3917.29.00,518,DIVERSOS,"0,0000"
9603.30.00,298,ESC.DENTAL BEBE,"0,0000"
9603.29.00,285,ESCOVA,"55,596"
9603.29.00,286,ESCOVA FACIAL,"20,000"
3506.99.00,1152,ESMALTE 3 P/ 12,"25,576"
7009.92.00,238,ESPELHO DE MAO,"0,0000"
9616.20.00,287,ESPONJA MAQUIAGEM,"53,280"
3924.90.00,1288,ESPREMEDOR DE PASTA DENTE,"22,231"
3304.20.90,333,ESPUMA BARBEAR,"85,800"
3304.20.90,515,ESTOJO MAQUIAGEM ,"0,0000"
6104.69.00,316,FAIXA MAQUIAGEM,"0,0000"
3306.20.00,1246,FIO DENTAL,"0,0000"
9603.30.00,325,FIXADOR CABELO,"87,600"
3304.91.00,357,FIXADOR MAQUIAGEM,"71,300"
3305.90.00,323,GEL CABELO MASCULINO,"40,740"
3304.20.90,445,GEL FIXADOR SOBRANCELHA,"0,0000"
3304.99.10,409,GEL MASSAGEM,"87,154"
8446.30.40,1177,GILLETTE PACOTE,"0,0000"
3506.99.00,1159,GLITTER FACIAL,"0,0000"
3304.10.00,1187,GLOSS VOLUMOSO,"72,829"
1211.90.90,1185,HENNA SOBRANCELHAS,"66,000"
3304.20.90,338,HIDRATANTE ,"0,0000"
3304.99.10,1244,HIDRATANTE FACIAL,"30,201"
3304.20.90,383,ILUMINADOR,"53,939"
3304.20.90,381,ILUMINADOR LIQUIDO,"0,0000"
9616.20.00,520,KIT  ESPONJA MAQUIAGEM,"0,0000"
8214.20.00,937,KIT ACETONA,"17,296"
9503.00.98,197,KIT BEBE,"34,373"
6704.20.00,1182,KIT CABELEREIRO,"0,0000"
3506.99.00,897,KIT ESMALTE INFANTIL,"0,0000"
8214.20.00,1181,KIT MANICURE,"0,0000"
3401.11.90,407,KIT SABONETE ,"0,0000"
3305.10.00,403,KIT SHAMP E COND,"78,793"
8214.20.00,319,KIT UNHA,"0,0000"
3304.91.00,363,LAGRIMAS VITAMINAS,"0,0000"
3304.20.10,548,LAPIS OLHO 2 P/ 12,"0,8542"
4818.20.00,351,LENCO DEMAQUILANTE,"0,0000"
3401.11.90,1218,LENCO UMEDECIDO,"29,106"
3304.91.00,361,LIMPA PINCEIS,"0,0000"
8446.30.40,1178,LIXA DE PE,"0,0000"
6805.20.00,295,LIXA UNHA 12 por 12,"0,0000"
3506.99.00,1155,LUMINE GLOS,"0,0000"
3304.99.10,1272,M.FACIAL 2POR12,"0,0000"
3304.20.90,387,MAQ. SOBRANCELHA,"0,0000"
3304.10.00,400,MASCARA CILIOS,"70,432"
9404.90.00,1220,MASCARA DORMIR,"0,0000"
3304.99.10,1004,MASCARA FACIAL,"51,275"
3304.99.10,521,MASCARA FACIAL 2 P/ 12,"0,0000"
3304.99.10,461,MASCARA FACIAL 3 P/ 12,"0,0000"
4818.20.00,639,MINI VENTILADOR ,"0,0000"
4202.12.10,919,NECESSAIRE,"0,8719"
3304.30.00,1215,OLEO CUTICULA,"0,0000"
3304.99.90,1245,OLEO ROSA MOSQUETA,"0,0000"
3304.20.90,384,PALETA DE SOMBRA,"0,0000"
3506.99.00,1165,PASTA CORRETIVA,"0,0000"
9603.29.00,1265,PENTE ,"0,0000"
9603.29.00,749,PENTE 2 POR 12,"0,0000"
3304.20.90,389,PIGMENTO ,"0,0000"
8446.30.40,1175,PINCA,"0,0000"
9616.20.00,292,PINCEL MAQUIAGEM,"0,0000"
3304.20.90,371,PO FACIAL,"46,176"
3305.30.00,1035,POMADA PARA CABELO,"47,888"
3304.99.90,1308,POS-SOL,"89,400"
3924.90.00,429,PRENDEDOR DE CHUPETA,"0,0000"
3304.91.00,362,PRIMER HIDRATANTE,"28,232"
6406.90.20,228,PROTETOR CALÇADO,"0,0000"
3304.10.00,1149,PROTETOR LABIAL,"40,454"
3304.10.00,466,PROTETOR LABIAL 2 P/ 12,"0,0000"
9616.20.00,291,PROTETOR SEIOS,"79,500"
3304.99.90,1247,PROTETOR SOLAR,"95,096"
3401.30.00,328,SABONETE FACIAL,"59,586"
3401.30.00,951,SABONETE INTIMO,"40,800"
3401.30.00,950,SABONETE LIQUIDO,"0,0000"
3304.30.00,245,SECANTE ESMALTE,"81,600"
3304.20.90,345,SERUM CIL/SOBR,"0,0000"
3304.20.90,348,SERUM FACIAL,"74,707"
3305.10.00,404,SHAMPOO,"0,0000"
4202.21.00,288,SHAMPOO SECO,"85,300"
3304.20.10,304,SOMBRA LIQUIDA,"0,0000"
3304.20.90,388,SOMBRA SOBRANCELHA,"0,0000"
1302.11.90,1214,SPRAY PROPOLIS,"0,0000"
3924.90.00,1017,SUPORTE ALCOOL,"0,0000"
6212.10.00,321,SUTIA INVISIVEL,"33,797"
3304.91.00,352,TENIS PE,"0,0000"
8213.00.00,1151,TESOURA UNHA,"0,0000"
3305.90.00,545,TINTA DE CABELO ,"79,474"
3208.90.10,684,TINTA DE CABELO SPRAY,"0,0000"
3213.10.00,415,TINTA FACIAL,"0,0000"
3926.90.90,296,UNHA POSTICA,"0,0000"
7117.19.00,423,ACESSORIO FEMININO,"0,2897"
7117.19.00,594,ACESSORIO FEMININO 2 P/ 12,"0,0000"
7117.19.00,593,ACESSORIO FEMININO 3 P/ 12,"0,0000"
7117.19.00,505,ACESSORIO FEMININO 4 P/ 12,"0,0000"
3307.49.00,24,AROMATIZANTE AUTOMOTIVO,"0,0000"
3926.20.00,356,BABADOR INF SILICONE,"0,0000"
6309.00.10,490,BANNER TORCEDOR,"0,0000"
6208.11.00,255,biquini e sunga,"0,0000"
4202.92.00,810,BOLSA INFANTIL/MOCHILA,"0,0000"
6504.00.90,419,BONE/CHAPEU,"0,0000"
4421.10.00,220,CABIDES,"52,462"
6117.10.00,431,CACHECOL/LENÇO,"0,0000"
6212.10.00,741,CALCINHA INFANTIL,"0,0000"
6208.11.00,995,CALCINHAS,"0,0000"
6309.00.10,973,CAMISA DE AGASALHO,"0,0000"
9404.90.00,829,CAPA ALMOFADA,"15,449"
6302.10.00,446,CAPA DE CAMA CASAL ,"0,0000"
6211.39.90,912,CAPA DE CHUVA,"0,0000"
4202.32.00,264,CARTEIRA ,"0,0000"
6402.20.00,757,CHINELO/CALÇADO,"0,0276"
6212.20.00,475,CINTA BARRIGA,"0,0000"
4203.30.00,1029,CINTO,"0,0000"
9017.20.00,686,COMPASSO ESCOLAR,"0,0000"
6309.00.10,705,CUECA,"0,0000"
6107.11.00,734,CUECA INFANTIL,"0,0000"
6309.00.10,486,FAIXA BR P/ TORCEDOR,"0,0000"
6209.20.00,1001,FRALDA DE BOCA,"0,0000"
6302.10.00,1021,FRONHA 1 POR 12,"0,0000"
6302.10.00,1022,FRONHA 2por12,"0,0000"
6117.80.10,315,GRAVATA,"0,0000"
6601.99.00,222,GUARDA CHUVA,"0,0000"
9605.00.00,38,KIT COSTURA,"0,0000"
6302.10.00,1000,KIT FRONHA,"0,0000"
6302.10.00,999,KIT LENCOL FRONHA,"0,0000"
3924.90.00,1174,KIT VIAGEM,"0,0000"
3401.19.00,713,LIMPADOR USO GERAL ,"0,0000"
6216.00.00,386,LUVA ADULTO,"0,4770"
6116.91.00,1116,LUVA INFANTIL,"0,0000"
6307.90.10,892,MASCARA 3 POR 12,"0,0000"
6307.90.10,893,MASCARA INFANTIL,"0,0000"
6115.95.00,745,MEIA,"18,142"
6111.20.00,806,MEIA BEBE,"0,0000"
6115.10.12,1117,MEIA CALÇA ADULTO,"10,219"
6115.10.12,1264,MEIA CALÇA INFANTIL,"27,144"
4202.92.00,252,MOCHILA,"0,0000"
9004.10.00,28,OCULOS SOL GRAU,"0,0000"
6307.10.00,683,PANO MICROFIBRA 2 P/ 12,"0,0000"
6404.19.00,1026,PANTUFA ,"0,0000"
8506.10.20,40,PILHAS / BATERIAS,"0,0000"
6115.10.91,1018,POLAINA,"0,0000"
4202.32.00,1221,PORTA MOEDAS,"0,0000"
6309.00.10,1,PROMO ADULTO,"0,0000"
6309.00.10,189,PROMO INFANTIL,"0,0000"
9603.30.00,1179,PROTETOR DE ORELHA,"0,0000"
7117.19.00,424,PULSEIRA INFANTIL,"0,0000"
9106.10.00,25,RELOGIO,"36,259"
6309.00.10,694,ROUPA ADULTO,"0,0000"
6309.00.10,678,ROUPA BEBE,"0,0000"
6309.00.10,679,ROUPA INFANTIL,"0,0000"
6212.90.00,253,SUSPENSÓRIO,"26,411"
6212.10.00,740,SUTIA,"0,0000"
7117.90.00,1281,TERCO ROSARIO,"0,0000"
6505.00.90,1114,TOUCA,"0,0357"
6506.91.00,482,TOUCA MERGULHO,"0,0000"
3406.00.00,703,VELA 3 POR 12 ,"0,0000"
8205.51.00,275,ABRIDOR GARRAFA,"45,658"
4411.14.90,568,ABRIDOR GARRAFA PAREDE ,"0,0000"
9613.80.00,366,ACENDEDOR DE FOGAO,"0,0000"
2518.10.00,294,ACES.JARDIM 2/12,"0,0000"
9602.00.90,210,ACESSORIO CHIMARRAO,"0,0000"
8517.62.51,283,ADAPTADOR TIPO C,"0,0000"
4811.41.90,330,ADESIVO 3 POR 12,"0,0000"
6804.30.00,359,AFIADOR,"29,280"
3307.49.00,784,AGUA PERFUMADA,"0,0000"
9404.90.00,525,ALMOFADA ,"0,0000"
9404.90.00,965,ALMOFADA 2 P/ 12,"0,0000"
8205.51.00,368,AMASSADOR LEGUMES,"0,0000"
9032.89.11,1194,ANTENA TV DIGITAL,"0,0000"
3802.90.40,595,ARGILA,"0,0000"
3307.49.00,224,AROMATIZANTE,"0,0000"
7013.42.90,767,ASSADEIRA PORTUGUESA,"0,0000"
3924.90.00,427,AVENTAL,"0,9512"
8423.10.00,347,BALANCA,"0,0000"
8423.10.00,512,BALANCA DIGITAL MOMENT,"0,0000"
7323.93.00,1157,BALDE GELO,"23,471"
3924.10.00,532,BANDEJA INOX,"0,0000"
3917.29.00,913,BANDEJA PLASTICO/MADEIRA,"13,682"
5205.13.90,1268,BARBANTE,"0,0000"
7323.93.00,355,BARRA MAGNETICA FACA,"0,0000"
8509.40.30,375,BATEDOR ,"0,0000"
3924.10.00,746,BICO DE TORNEIRA,"33,333"
8414.20.00,1227,BOMBA DE AR VERTICAL STARTOOLS 40CM,"0,0000"
7323.93.00,334,BORRACHA PANELA,"0,0000"
6911.10.90,557,BOWL,"62,782"
8544.42.00,284,CABO OTG ,"0,0000"
3923.10.90,436,CAIXA TERMICA ISOPOR,"0,0000"
3924.10.00,263,CANECA,"50,227"
7013.42.90,622,CANECA 2POR12,"0,0000"
7013.42.90,619,CANECA 2POR12,"0,0000"
7323.93.00,341,CANIVETE,"0,0000"
7323.93.00,331,CANUDO,"0,0000"
6302.93.00,302,CAPA BOTIJÃO GAS,"0,0000"
6302.10.00,447,CAPA DE CAMA SOLTEIRO,"0,0000"
6302.93.00,303,CAPA GALÃO ÁGUA,"0,0000"
3924.90.00,313,CAPA MAQUINA,"89,000"
8215.99.10,787,CESTO COZIMENTO ,"0,0000"
3924.90.00,944,CESTO DOBRAVEL ,"0,0000"
9503.00.22,1087,CESTO/CAIXA ORGANIZADOR,"56,612"
3924.10.00,1113,CHALEIRA ,"0,0000"
7615.10.00,671,COADOR BEBIDA,"0,0000"
4823.20.99,939,COADOR CAFE,"31,656"
7310.29.90,241,COFRE,"0,2930"
4411.14.90,576,COLHER DE PAU ,"0,0000"
7323.93.00,317,COLHER DE SERVIR,"0,0000"
8215.99.10,935,COLHER MEDIDORA,"0,0000"
7615.10.00,926,COLHER SORVETE,"0,0000"
8215.99.90,820,COLHER SUCO,"0,0000"
8215.99.90,402,CONCHA ,"19,737"
3924.10.00,493,CONJUNTO CANECAS,"0,0000"
7013.42.90,636,CONJUNTO COPO,"69,037"
7013.42.90,615,COPO 2POR12,"35,859"
7013.37.00,1024,COPO DOSE 2X12,"0,0000"
7013.37.00,1025,COPO DOSE 3X12,"0,0000"
7013.42.90,626,COPO MEDIDOR,"14,363"
7013.42.90,583,COPO VIDRO,"32,667"
7323.93.00,1099,COQUETELEIRA,"0,0000"
3924.10.00,1107,CORTADOR DE OVO,"0,0000"
8205.51.00,349,CORTADOR DE PIZZA,"33,018"
8205.51.00,1327,CORTADOR MACA,"19,900"
6303.99.00,1023,CORTINA,"0,0000"
8516.79.90,1338,COZEDOR DE OVOS 220V - COR MISTURA,"679,450"
7615.10.00,1010,CUSCUZEIRA,"0,0000"
3924.10.00,390,DECORADOR DE BOLO,"0,0000"
8205.51.00,262,DESCANSO DE COLHER,"0,0000"
8205.51.00,801,DESCANSO PANELA,"13,253"
3924.10.00,1191,DESCASCADOR ,"0,7606"
9603.90.00,585,DESENTUPIDOR,"0,0000"
3824.99.79,775,DESUMIDIFICADOR DE AMBIENTES,"0,0000"
3307.49.00,543,DIFUSOR DE AROMAS,"0,0000"
3924.90.00,1323,DIVISORIA P/PRATELEIRA,"45,400"
7323.93.00,353,DOSADOR BEBIDAS,"0,0000"
7615.10.00,605,ESCORREDOR,"44,209"
3924.90.00,1147,ESCORREDOR TALHER,"36,348"
9603.90.00,567,ESCOVA LIMPEZA,"12,814"
3924.90.00,444,ESCOVA MAMADEIRA ,"0,0000"
8215.99.90,410,ESCUMADEIRA,"19,911"
4419.11.00,547,ESPATULA,"0,6276"
7009.92.00,1183,ESPELHO,"0,7180"
3924.10.00,1292,ESPETOS PETISCOS ,"26,521"
6805.30.90,309,ESPONJA,"67,900"
7615.10.00,364,ESPREMEDOR ,"55,443"
3920.99.10,647,ESTEIRA CULINÁRIA LIVON ,"0,0000"
8544.42.00,1249,EXTENSÃO,"45,526"
8215.99.10,786,FACA,"34,494"
8215.99.10,544,FACA CHURRASCO,"0,0000"
7615.10.00,491,FORMA ALUMINIO / INOX,"0,0000"
7615.10.00,489,FORMA BAURU,"0,0000"
7208.27.90,1261,FORMA CUPCAKE,"0,0000"
3924.10.00,394,FORMA GELO,"0,0000"
3924.10.00,1252,FORMA HAMBURGUER,"39,750"
3924.10.00,1212,FORMA OVO,"0,0000"
3924.10.00,1262,FORMA PICOLE,"0,0000"
9603.10.00,34,FORMA PIZZA,"0,0000"
7615.10.00,487,FORMA RETANGULAR,"0,0000"
3924.10.00,233,FORMA SILICONE,"0,0000"
3921.90.90,1269,FORRO GAVETA,"0,0000"
6307.90.90,1097,FORRO TÁBUA PASSAR,"0,0000"
7615.10.00,1156,FRIGIDEIRA,"0,0000"
7323.99.00,1101,FRUTEIRA,"0,0000"
8215.99.10,774,FUE,"0,0000"
8302.50.00,554,GANCHO P/ PORTA,"0,0000"
3924.90.00,343,GANCHOS P/CABIDES,"0,0000"
8215.99.10,541,GARFO ,"0,0000"
3924.10.00,1290,GARRA URSO,"42,429"
3924.10.00,680,GARRAFA TERMICA,"0,0000"
8305.20.00,603,GRAMPO DE ROUPA,"29,490"
6308.00.00,954,GUARDANAPO ,"0,0000"
9505.10.00,1086,GUIRLANDA DE MADEIRA,"0,0000"
7323.99.00,1226,IMÃ P/GELADEIRA,"0,0000"
9604.00.00,962,INFUSOR CHA,"0,0000"
3808.91.19,225,INSETICIDA,"68,080"
3926.90.90,606,IPHONE ORIGINAL 14 MAX CAPINHA,"0,0000"
9613.10.00,742,ISQUEIRO 2 P/ 12,"0,0000"
3924.10.00,584,ITEM COZINHA,"57,149"
4602.90.00,260,ITENS DE LIMPEZA,"0,0000"
7013.42.90,769,JARRA VIDRO,"44,547"
9503.00.10,111,JOGO AMERICANO,"29,475"
3924.10.00,306,KIT BISNAGAS,"33,670"
7013.28.00,582,KIT CAIPIRINHA,"0,0000"
7013.49.00,1192,KIT CANEQUINHAS VIDRO,"0,0000"
8215.99.90,414,KIT CHURRASCO,"0,0000"
4419.19.00,310,KIT COLHER BAMBU,"24,309"
8213.00.00,676,KIT COZINHA ,"0,0000"
3920.99.10,923,KIT FORMA SILICONE,"0,0000"
3924.90.00,1013,KIT FRASCO VIAGEM,"0,0000"
3924.90.00,1211,KIT PÁ/VASSOURA MÃO,"19,312"
6307.10.00,997,KIT PANO ,"0,0000"
3924.10.00,1213,KIT POTE ZIP,"0,0000"
8215.20.00,299,KIT QUEIJO,"0,0000"
3924.10.00,1108,KIT REFEICAO BEBÊ,"0,0000"
7323.93.00,1263,KIT SOBREMESA,"0,0000"
8215.20.00,301,KIT TALHER,"0,0000"
4411.14.90,507,KIT TALHERES BAMBU,"0,0000"
6302.91.00,604,KIT TOALHAS,"0,0000"
7615.10.00,646,KIT VINHO ,"0,0000"
8543.70.99,1248,LAMPADA,"37,935"
7612.90.19,909,LATAS DECORATIVAS,"59,912"
3924.10.00,1224,LIMPADOR PEIXE,"0,0000"
9004.90.90,1225,LUPA,"0,0000"
3405.20.00,311,LUSTRA MOVEIS,"0,0000"
4015.19.00,1095,LUVA PARA LIMPEZA,"0,5830"
6116.99.00,1267,LUVA TERMICA,"0,0000"
3924.10.00,1287,MARCADORES COPO SILICONE ,"27,853"
3926.90.90,261,MATA MOSCA,"0,0000"
7013.99.00,1100,MINI GARRAFA LICOR,"19,867"
8205.51.00,509,MINI PROCESSADOR ALIMENTOS,"0,0000"
7323.93.00,314,MISTURADOR,"49,057"
8210.00.10,792,MOEDOR DE PIMENTA,"0,0000"
7323.93.00,382,MOLDE COZINHA,"0,0000"
4202.12.20,462,MOTOROLA G22 CAPINHA,"0,0000"
8215.99.10,1210,PÁ PARA GELO,"0,0000"
8516.79.10,216,PANELA,"0,0000"
6307.10.00,1271,PANO DE CHÃO 2POR 12,"0,0000"
6302.91.00,1002,PANO DE LOUÇA,"0,0000"
8509.80.90,598,PAPA BOLINHAS ,"46,346"
4814.20.00,432,PAPEL PAREDE ROLO/3D,"0,0000"
3926.90.90,1289,PARADOR PORTA ,"20,745"
5911.90.00,1015,PE DE FELTRO,"0,0000"
8215.99.10,399,PEGADOR ,"0,0000"
8215.99.10,550,PEGADOR CHURRAS,"0,0000"
3924.10.00,929,PEGADOR MASSAS,"0,0000"
8215.99.90,413,PENEIRA,"63,282"
6310.90.00,969,PESO DE PORTA,"0,0000"
3923.21.90,373,PETISQUEIRA,"18,524"
4411.14.90,573,PILÃO C/ COPO MADEIRA,"0,0000"
9603.30.00,1111,PINCEIS ,"0,0000"
3924.10.00,396,PINCEL CULINARIO,"24,328"
3924.10.00,1172,PORTA AZEITE,"0,0000"
8302.50.00,312,PORTA COPOS ,"82,600"
3924.90.00,354,PORTA ESPONJA ,"0,0000"
3924.10.00,1195,PORTA GARRAFA,"0,0000"
3924.10.00,259,PORTA GUARDANAPO,"31,657"
3923.10.90,818,PORTA LATA,"0,0000"
3923.30.90,1110,PORTA LATINHA,"0,0000"
3924.10.00,572,PORTA OVOS,"0,0000"
3924.90.00,1085,PORTA PÃO,"0,0000"
7323.93.00,1223,PORTA PAPEL TOALHA,"48,803"
3924.90.00,1339,PORTA SACOLA,"29,926"
3924.10.00,762,POTE ,"47,575"
3917.29.00,577,POTE 2 POR 12,"0,0000"
3924.10.00,761,POTE KIT,"63,412"
7607.19.90,215,POTE MARMITA ,"0,0000"
7010.90.12,566,POTE VIDRO,"40,458"
9403.60.00,570,PRATELEIRA MADEIRA,"0,0000"
3924.90.00,1321,PRATELEIRA PLASTICO,"29,700"
2106.90.90,435,PRATO 1 POR 12,"28,945"
3924.10.00,527,PRATO 2 POR 12,"0,0000"
2106.90.90,440,PRATO RASO CERAMICA,"0,0000"
6913.10.00,796,PRATO SOBREMESA LYOR ,"0,0000"
7323.99.00,484,PROTETOR ALIMENTO,"13,888"
3926.90.90,1112,PROTETOR ANTI IMNPACTO,"0,0000"
7323.93.00,1328,PROTETOR DEDOS ,"23,500"
9404.90.00,737,PUFF,"0,0000"
8413.81.00,1142,PUMP AGUA,"0,0000"
6307.90.90,1003,PUXA SACO,"0,0000"
8215.99.10,379,RALADOR,"49,230"
8543.70.20,1242,RAQUETE MOSQUITO,"0,0000"
7616.99.00,1012,RATOEIRA TALBERG,"0,0000"
7013.42.90,763,REFRATARIO 2 POR 12,"21,568"
7013.42.90,574,REFRATARIO 3 POR 12,"0,0000"
3924.10.00,555,REFRATARIO LOUÇA,"18,174"
9603.90.00,578,RODINHO DE PIA,"23,274"
3924.90.00,748,ROLO ADESIVO TIRA PELO,"0,0000"
3924.10.00,575,ROLO MASSA,"0,0000"
3922.90.00,809,SABONETEIRA,"24,336"
4805.40.90,1170,SACO PARA ASPIRADOR,"0,0000"
6304.99.00,1169,SACO PARA LAVADORA DE ROUPA,"0,0000"
3923.21.90,1171,SACO PLASTICO C/ FECHAMENTO VACUO,"0,0000"
8215.99.10,526,SALEIRO INOX 2 P/ 12,"0,0000"
3405.20.00,591,SAPONACEO,"0,0000"
3924.10.00,1089,SECA TALHERES,"0,0000"
3923.50.00,785,SELADOR,"0,0000"
8438.60.00,350,SEPARADOR CLARA,"0,0000"
7615.10.00,681,SOCADOR BEBIDA ,"0,0000"
3926.90.90,346,SOPRADOR CHURRASQUEIRA,"0,0000"
4601.99.00,766,SOUSPLAT,"0,0000"
7304.11.00,805,SUPORTE ,"37,147"
7323.99.00,979,SUPORTE MAGNETICO,"0,0000"
4420.90.00,967,SUPORTE MDF,"0,0000"
3922.90.00,931,SUPORTE PAPEL TOALHA,"0,0000"
3924.90.00,1322,SUPORTE PIA,"15,000"
3401.30.00,551,SUPORTE SAB.LIQUIDO,"0,0000"
3924.10.00,1291,SUPORTE TAMPA PANELA ,"29,611"
4407.99.90,571,TABUA ,"72,521"
7013.42.90,668,TACA 2POR12,"0,0000"
7013.42.90,663,TACA CRISTAL,"0,0000"
7013.42.90,657,TACA DE VINHO,"0,0000"
7013.37.00,1071,TACA PLASTICO,"29,695"
7013.49.00,564,TACA SOBREMESA,"0,0000"
7013.42.90,665,TACA VIDRO,"63,701"
8211.91.00,558,TALHER 6 P/12,"0,0000"
8215.99.90,503,TALHER HASHI ,"0,0000"
3924.10.00,1209,TAMPA P/MICROONDAS,"38,144"
3924.10.00,651,TAMPA SILICONE,"0,0000"
5705.00.00,608,TAPETE,"29,905"
5705.00.00,610,TAPETE 2 P/ 12,"0,0000"
9025.19.90,873,TERMOMETRO CULINARIO,"0,0000"
3924.10.00,529,TIGELA,"0,0000"
3924.10.00,747,TIMER OVO,"0,0000"
3208.90.10,569,TINTA SPRAY ,"0,0000"
3924.10.00,1145,TIRA CHEIRO MICROONDAS,"0,0000"
8215.99.10,930,TOALHA BANHO ,"0,0000"
4818.30.00,380,TOALHA DE MESA,"0,0000"
6302.60.00,586,TOALHA MAGICA,"0,0000"
6302.60.00,998,TOALHA ROSTO,"0,0000"
3924.10.00,499,TOUCA DE BANHO,"0,0000"
3924.10.00,522,TRAVESSA,"46,140"
9404.90.00,1254,TRAVESSEIRO,"0,0000"
9404.90.00,828,TRAVESSEIRO BEBE,"0,0000"
9404.90.00,779,TRAVESSEIRO VIAGEM,"0,0000"
3924.10.00,975,TRITURADOR DE ALHO,"0,0000"
3922.20.00,1078,TRONINHO TARTARUGA,"0,0000"
4820.50.00,1276,VALE PRESENTE,"0,0000"
4820.50.00,1196,VALE PRESENTE,"0,0000"
7323.99.00,592,VARAL ,"23,594"
3924.10.00,335,VARAO CORTINA ,"0,0000"
6307.10.00,1231,VEDA PORTA,"0,0000"
4202.32.00,655,XIAOMI POCO X3 GT CAPINHA,"0,0000"
7013.42.90,632,XICARA 2POR12,"0,0000"
6912.00.00,474,XICARA 4 P/ 12,"0,0000"
6911.10.10,494,XÍCARA E PIRES,"13,137"
2905.29.10,1319,ALCOOL PERFUMADO,"0,0000"
3924.90.00,457,ASSENTO PENICO,"0,0000"
5601.21.90,917,COTONETTE ,"60,768"
2710.19.32,1162,DESENGRIPANTE ECO ,"0,0000"
3924.90.00,808,DISPENSER PRETO,"0,0000"
9603.21.00,1150,ESCOVA DENTE ,"0,0000"
9603.90.00,946,ESCOVA SANITARIA,"18,431"
8481.80.94,1330,ESGUICHO P/ MANGUEIRA,"0,0000"
9603.10.00,33,ESPANADOR,"37,450"
6805.30.90,1329,ESPONJA MAGICA ,"41,600"
3307.41.00,450,INCENSO 6 P/ 12,"0,0000"
3307.49.00,708,ODORIZADOR PURO AR 2x12,"0,0000"
6307.10.00,1173,PANO LIMPEZA,"0,0000"
4202.92.00,1104,PAZINHA LIXO,"0,0000"
8506.10.20,1161,PILHA / BATERIAS 2 POR 12,"0,0000"
3307.41.00,483,PORTA INCENSO ,"0,0000"
3926.90.90,1168,PORTA VASSOURA,"85,356"
3808.91.99,1160,REPELENTE,"84,800"
9603.10.00,29,RODO,"25,152"
3402.90.29,1158,TIRA MOFO,"0,0000"
9603.10.00,31,VASSOURA,"48,315"
4820.50.00,1032,VALE-PRESENTE,"0,0000"
4820.50.00,1033,VALE-PRESENTE,"0,0000"
4820.50.00,1031,VALE-PRESENTE,"0,0000"
4820.50.00,1030,VALE-PRESENTE,"0,0000"
7013.49.00,534,CINZEIRO VIDRO,"0,0000"
7013.37.00,900,COPO DOSE TIMES,"0,0000"
7007.19.00,641,MOLHEIRA VIDRO,"0,0000"
7007.19.00,553,PORTA ANÉIS LYOR ,"0,0000"
7013.99.00,1208,PRATO DE CRISTAL,"0,0000"
